{"peaks":[18.5,26.0,38.5,40.75],"amps":[0.713,0.761,0.868,0.743],"ratios":[1.0,1.4054,2.0811,2.2027],"voices":[{"pulses":5,"onsets":[0.0,0.2,0.4,0.6,0.8],"ioi_ms":200.0},{"pulses":7,"onsets":[0.0,0.14286,0.28571,0.42857,0.57143,0.71429,0.85714],"ioi_ms":142.9},{"pulses":11,"onsets":[0.0,0.09091,0.18182,0.27273,0.36364,0.45455,0.54545,0.63636,0.72727,0.81818,0.90909],"ioi_ms":90.9}],"counts":[5,7,11],"poly_label":"5:7:11","euclid":[{"label":"E(5,7)","steps":7,"pulses":5,"pattern":[1,1,0,1,1,0,1]},{"label":"E(5,11)","steps":11,"pulses":5,"pattern":[1,0,1,0,1,0,1,0,1,0,0]}],"lcm":77,"coincidences":[{"t":0.0,"voices":[0,1,2]}]}